"","Test","estimate","estimate1","estimate2","statistic","p.value","parameter","conf.low","conf.high","method","alternative"
"1","女性ダミー",-0.0124286905961395,0.513479226133841,0.52590791672998,-1.14830194993069,0.250888188123031,6206.73957883903,-0.0336465742826088,0.00878919309032981,"Welch Two Sample t-test","two.sided"
"2","黒人ダミー",0.0166993150277931,0.297811607992388,0.281112292964595,1.69505517771403,0.090115844115976,6117.70381899704,-0.00261364494512737,0.0360122750007137,"Welch Two Sample t-test","two.sided"
"3","ヒスパニックダミー",0.0093150841789883,0.20837297811608,0.199057893937092,1.06457695727056,0.287109424190183,6118.16250208486,-0.00783806002067247,0.0264682283786491,"Welch Two Sample t-test","two.sided"
"4","都市居住ダミー",0.0100091566546731,0.844546048334422,0.834536891679749,1.24559677102431,0.212959697980754,6178.95633038918,-0.00574347738045537,0.0257617906898015,"Welch Two Sample t-test","two.sided"
"5","教育年数",0.467291762288811,14.5894039735099,14.1221122112211,8.55363752693552,3.19185241921547e-17,1348.18422202385,0.360121216849852,0.574462307727771,"Welch Two Sample t-test","two.sided"
"6","弟妹の数",0.107684555289032,0.918807484934983,0.81112292964595,4.77135556868255,1.87439178984941e-06,5845.15739390566,0.0634410358210532,0.151928074757011,"Welch Two Sample t-test","two.sided"
"7","出生順位",-0.11403803383468,1.94005708848716,2.05409512232184,-4.81534253522328,1.50417697990725e-06,6232.65309986233,-0.160463360998878,-0.0676127066704835,"Welch Two Sample t-test","two.sided"
